date,sector,label,eu_avg,eu_n,us_avg,us_n,bvb_manual,blended_raw,discount,final_multiple
2026-08-11,saas,SaaS,18.19,2,39.92,3,,29.06,0.25,11.9
2026-08-11,it_services,IT Services,10.2,5,11.27,1,,10.41,0.25,6.3
2026-08-11,manufacturing,Manufacturing,10.67,4,10.96,1,,10.73,0.25,8.5
2026-08-11,healthcare_services,Healthcare Services,,0,14.35,2,,14.35,0.25,12.8
2026-08-11,logistics,Logistics,7.82,4,11.44,1,,8.54,0.25,7.1
2026-08-11,ecommerce,E-commerce,32.6,2,,0,,32.6,0.25,21.4
2026-08-11,telecom,Telecom,10.29,4,12.61,1,,10.75,0.25,8.6
2026-09-11,saas,SaaS,18.19,2,39.92,3,,29.06,0.25,21.79
2026-09-11,it_services,IT Services,10.2,5,11.27,1,,10.41,0.25,7.81
2026-09-11,manufacturing,Manufacturing,10.67,4,10.96,1,,10.73,0.25,8.05
2026-09-11,healthcare_services,Healthcare Services,,0,14.35,2,,14.35,0.25,10.77
2026-09-11,logistics,Logistics,7.82,4,11.44,1,,8.54,0.25,6.41
2026-09-11,ecommerce,E-commerce,32.6,2,,0,,32.6,0.25,24.45
2026-09-11,telecom,Telecom,10.29,4,12.61,1,,10.75,0.25,8.06
2026-09-11,saas,SaaS,18.19,2,39.92,3,,29.06,0.25,21.79
2026-09-11,it_services,IT Services,10.2,5,12.34,2,,10.62,0.25,7.97
2026-09-11,manufacturing,Manufacturing,10.07,5,10.96,1,,10.25,0.25,7.69
2026-09-11,healthcare_services,Healthcare Services,,0,13.11,3,,13.11,0.25,9.83
2026-09-11,logistics,Logistics,7.86,5,11.44,1,,8.57,0.25,6.43
2026-09-11,ecommerce,E-commerce,26.57,3,,0,,26.57,0.25,19.93
2026-09-11,telecom,Telecom,10.29,4,12.61,1,,10.75,0.25,8.06
2026-09-11,saas,SaaS,18.19,2,39.92,3,,29.06,0.25,21.79
2026-09-11,it_services,IT Services,10.2,5,12.34,2,,10.62,0.25,7.97
2026-09-11,manufacturing,Manufacturing,10.07,5,10.96,1,,10.25,0.25,7.69
2026-09-11,healthcare_services,Healthcare Services,11.85,1,13.11,3,,12.48,0.25,9.36
2026-09-11,logistics,Logistics,7.86,5,11.44,1,,8.57,0.25,6.43
2026-09-11,ecommerce,E-commerce,26.57,3,18.11,1,,24.88,0.25,18.66
2026-09-11,telecom,Telecom,10.29,4,12.61,1,,10.75,0.25,8.06
2026-09-11,saas,SaaS,18.19,2,39.92,3,,29.06,0.25,21.79
2026-09-11,it_services,IT Services,10.2,5,12.34,2,,10.62,0.25,7.97
2026-09-11,manufacturing,Manufacturing,12.08,4,10.96,1,,11.86,0.25,8.9
2026-09-11,healthcare_services,Healthcare Services,11.85,1,13.11,3,,12.48,0.25,9.36
2026-09-11,logistics,Logistics,11.5,4,11.44,1,,11.49,0.25,8.62
2026-09-11,ecommerce,E-commerce,26.57,3,18.11,1,,24.88,0.25,18.66
2026-09-11,telecom,Telecom,10.29,4,12.61,1,,10.75,0.25,8.06
2026-09-12,saas,SaaS,18.06,2,40.61,3,,29.34,0.25,22.0
2026-09-12,it_services,IT Services,10.34,5,12.64,2,,10.8,0.25,8.1
2026-09-12,manufacturing,Manufacturing,12.08,4,11.03,1,,11.87,0.25,8.9
2026-09-12,healthcare_services,Healthcare Services,11.91,1,13.16,3,,12.54,0.25,9.4
2026-09-12,logistics,Logistics,11.4,4,11.43,1,,11.4,0.25,8.6
2026-09-12,ecommerce,E-commerce,26.21,3,18.33,1,,24.63,0.25,18.5
2026-09-12,telecom,Telecom,10.29,4,12.58,1,,10.75,0.25,8.1
2026-09-12,b2b_services,B2B Services,17.57,2,,0,,17.57,0.25,13.2
2026-09-12,cosmetics_beauty,Cosmetics / Beauty,9.6,2,19.98,2,,11.68,0.25,8.8
2026-09-12,food,Food,9.37,3,6.84,2,,8.87,0.25,6.6
2026-09-12,fmcg,FMCG,14.89,2,14.87,2,,14.89,0.25,11.2
2026-09-12,travel_services,Travel Services,6.08,1,19.58,3,,8.78,0.25,6.6
2026-09-12,automotive,Automotive,5.34,2,13.18,3,,6.91,0.25,5.2
2026-09-12,utilities,Utilities,13.89,2,11.43,4,,13.4,0.25,10.0
2026-09-12,oil_gas,Oil & Gas,4.0,2,5.81,2,,4.36,0.25,3.3
2026-09-12,energy,Energy,15.45,2,15.78,2,,15.51,0.25,11.6
2026-09-12,defense,Defense,18.97,4,37.08,2,,22.59,0.25,16.9
2026-09-12,saas,SaaS,18.06,2,40.61,3,,29.34,0.25,22.0
2026-09-12,it_services,IT Services,10.34,5,12.64,2,,10.8,0.25,8.1
2026-09-12,manufacturing,Manufacturing,12.08,4,11.03,1,,11.87,0.25,8.9
2026-09-12,healthcare_services,Healthcare Services,11.91,1,13.16,3,,12.54,0.25,9.4
2026-09-12,logistics,Logistics,11.4,4,11.43,1,,11.4,0.25,8.6
2026-09-12,ecommerce,E-commerce,26.21,3,18.33,1,,24.63,0.25,18.5
2026-09-12,telecom,Telecom,10.29,4,12.58,1,,10.75,0.25,8.1
2026-09-12,b2b_services,B2B Services,17.57,2,7.69,1,,15.59,0.25,11.7
2026-09-12,cosmetics_beauty,Cosmetics / Beauty,9.6,2,19.98,2,,11.68,0.25,8.8
2026-09-12,food,Food,9.37,3,6.84,2,,8.87,0.25,6.6
2026-09-12,fmcg,FMCG,14.89,2,14.87,2,,14.89,0.25,11.2
2026-09-12,travel_services,Travel Services,6.08,1,19.58,3,,8.78,0.25,6.6
2026-09-12,automotive,Automotive,5.34,2,13.18,3,,6.91,0.25,5.2
2026-09-12,utilities,Utilities,13.89,2,11.43,4,,13.4,0.25,10.0
2026-09-12,oil_gas,Oil & Gas,4.0,2,5.81,2,,4.36,0.25,3.3
2026-09-12,energy,Energy,15.45,2,15.78,2,,15.51,0.25,11.6
2026-09-12,defense,Defense,18.97,4,37.08,2,,22.59,0.25,16.9
2026-09-12,saas,SaaS,18.06,2,40.61,3,,29.34,0.25,22.0
2026-09-12,it_services,IT Services,10.34,5,12.64,2,,10.8,0.25,8.1
2026-09-12,manufacturing,Manufacturing,12.08,4,11.03,1,,11.87,0.25,8.9
2026-09-12,healthcare_services,Healthcare Services,11.91,1,14.41,4,,13.16,0.25,9.9
2026-09-12,logistics,Logistics,11.4,4,11.43,1,,11.4,0.25,8.6
2026-09-12,ecommerce,E-commerce,26.21,3,18.33,1,,24.63,0.25,18.5
2026-09-12,telecom,Telecom,10.29,4,12.58,1,,10.75,0.25,8.1
2026-09-12,b2b_services,B2B Services,13.71,3,8.55,2,,12.68,0.25,9.5
2026-09-12,cosmetics_beauty,Cosmetics / Beauty,9.6,2,19.98,2,,11.68,0.25,8.8
2026-09-12,food,Food,9.37,3,8.16,3,,9.13,0.25,6.8
2026-09-12,fmcg,FMCG,14.89,2,14.87,2,,14.89,0.25,11.2
2026-09-12,travel_services,Travel Services,6.08,1,19.58,3,,8.78,0.25,6.6
2026-09-12,automotive,Automotive,5.34,2,13.18,3,,6.91,0.25,5.2
2026-09-12,utilities,Utilities,13.89,2,11.43,4,,13.4,0.25,10.0
2026-09-12,oil_gas,Oil & Gas,4.0,2,5.52,3,,4.3,0.25,3.2
2026-09-12,energy,Energy,15.45,2,15.78,2,,15.51,0.25,11.6
2026-09-12,defense,Defense,18.97,4,37.08,2,,22.59,0.25,16.9
2026-09-12,saas,SaaS,18.06,2,40.61,3,,29.34,0.25,22.0
2026-09-12,it_services,IT Services,10.34,5,12.64,2,,10.8,0.25,8.1
2026-09-12,manufacturing,Manufacturing,12.08,4,11.03,1,,11.87,0.25,8.9
2026-09-12,healthcare_services,Healthcare Services,11.91,1,14.41,4,,13.16,0.25,9.9
2026-09-12,logistics,Logistics,11.4,4,11.43,1,,11.4,0.25,8.6
2026-09-12,ecommerce,E-commerce,26.21,3,18.33,1,,24.63,0.25,18.5
2026-09-12,telecom,Telecom,10.29,4,12.58,1,,10.75,0.25,8.1
2026-09-12,b2b_services,B2B Services,13.71,3,8.55,2,,12.68,0.25,9.5
2026-09-12,cosmetics_beauty,Cosmetics / Beauty,9.6,2,19.98,2,,11.68,0.25,8.8
2026-09-12,food,Food,9.37,3,8.16,3,,9.13,0.25,6.8
2026-09-12,fmcg,FMCG,14.89,2,14.87,2,,14.89,0.25,11.2
2026-09-12,travel_services,Travel Services,6.08,1,19.58,3,,8.78,0.25,6.6
2026-09-12,automotive,Automotive,5.34,2,13.18,3,,6.91,0.25,5.2
2026-09-12,utilities,Utilities,13.89,2,11.43,4,,13.4,0.25,10.0
2026-09-12,oil_gas,Oil & Gas,4.0,2,5.52,3,,4.3,0.25,3.2
2026-09-12,energy,Energy,16.54,2,15.78,2,,16.39,0.25,12.3
2026-09-12,defense,Defense,18.97,4,37.08,2,,22.59,0.25,16.9
2026-09-12,saas,SaaS,18.06,2,40.61,3,,29.34,0.25,22.0
2026-09-12,it_services,IT Services,10.34,5,12.64,2,,10.8,0.25,8.1
2026-09-12,manufacturing,Manufacturing,12.08,4,11.03,1,,11.87,0.25,8.9
2026-09-12,healthcare_services,Healthcare Services,11.91,1,14.41,4,,13.16,0.25,9.9
2026-09-12,logistics,Logistics,11.4,4,11.43,1,,11.4,0.25,8.6
2026-09-12,ecommerce,E-commerce,26.21,3,18.33,1,,24.63,0.25,18.5
2026-09-12,telecom,Telecom,10.29,4,12.58,1,,10.75,0.25,8.1
2026-09-12,b2b_services,B2B Services,13.71,3,8.55,2,,12.68,0.25,9.5
2026-09-12,cosmetics_beauty,Cosmetics / Beauty,9.6,2,19.98,2,,11.68,0.25,8.8
2026-09-12,food,Food,9.37,3,8.16,3,,9.13,0.25,6.8
2026-09-12,fmcg,FMCG,14.89,2,14.87,2,,14.89,0.25,11.2
2026-09-12,travel_services,Travel Services,6.08,1,19.58,3,,8.78,0.25,6.6
2026-09-12,automotive,Automotive,5.34,2,13.18,3,,6.91,0.25,5.2
2026-09-12,utilities,Utilities,13.89,2,11.43,4,,13.4,0.25,10.0
2026-09-12,oil_gas,Oil & Gas,4.0,2,5.52,3,,4.3,0.25,3.2
2026-09-12,energy,Energy,16.54,2,15.78,2,,16.39,0.25,12.3
2026-09-12,defense,Defense,18.97,4,37.08,2,,22.59,0.25,16.9
2026-09-13,saas,SaaS,18.06,2,40.61,3,,29.34,0.25,22.0
2026-09-13,it_services,IT Services,10.34,5,12.64,2,,10.8,0.25,8.1
2026-09-13,manufacturing,Manufacturing,12.08,4,11.03,1,,11.87,0.25,8.9
2026-09-13,healthcare_services,Healthcare Services,11.91,1,14.41,4,,13.16,0.25,9.9
2026-09-13,logistics,Logistics,11.4,4,11.43,1,,11.4,0.25,8.6
2026-09-13,ecommerce,E-commerce,26.21,3,18.33,1,,24.63,0.25,18.5
2026-09-13,telecom,Telecom,10.29,4,12.58,1,,10.75,0.25,8.1
2026-09-13,b2b_services,B2B Services,13.71,3,8.64,2,,12.7,0.25,9.5
2026-09-13,cosmetics_beauty,Cosmetics / Beauty,10.91,2,19.98,2,,12.72,0.25,9.5
2026-09-13,food,Food,9.37,3,8.16,3,,9.13,0.25,6.8
2026-09-13,fmcg,FMCG,14.89,2,14.87,2,,14.89,0.25,11.2
2026-09-13,travel_services,Travel Services,6.08,1,19.58,3,,8.78,0.25,6.6
2026-09-13,automotive,Automotive,5.34,2,13.18,3,,6.91,0.25,5.2
2026-09-13,utilities,Utilities,13.89,2,11.43,4,,13.4,0.25,10.0
2026-09-13,oil_gas,Oil & Gas,4.0,2,5.52,3,,4.3,0.25,3.2
2026-09-13,energy,Energy,16.54,2,15.78,2,,16.39,0.25,12.3
2026-09-13,defense,Defense,18.97,4,37.08,2,,22.59,0.25,16.9
2026-09-16,saas,SaaS,18.64,2,44.01,3,,31.33,0.25,23.5
2026-09-16,it_services,IT Services,10.49,5,12.94,2,,10.98,0.25,8.2
2026-09-16,manufacturing,Manufacturing,11.9,4,11.04,1,,11.73,0.25,8.8
2026-09-16,healthcare_services,Healthcare Services,11.98,1,14.5,4,,13.24,0.25,9.9
2026-09-16,logistics,Logistics,11.33,4,11.43,1,,11.35,0.25,8.5
2026-09-16,ecommerce,E-commerce,26.54,3,18.58,1,,24.94,0.25,18.7
2026-09-16,telecom,Telecom,10.37,4,12.44,1,,10.78,0.25,8.1
2026-09-16,b2b_services,B2B Services,13.71,3,8.79,2,,12.73,0.25,9.5
2026-09-16,cosmetics_beauty,Cosmetics / Beauty,10.99,2,19.86,2,,12.77,0.25,9.6
2026-09-16,food,Food,9.43,3,8.0,3,,9.14,0.25,6.9
2026-09-16,fmcg,FMCG,15.63,2,14.6,2,,15.43,0.25,11.6
2026-09-16,travel_services,Travel Services,5.99,1,20.22,3,,8.83,0.25,6.6
2026-09-16,automotive,Automotive,5.38,2,12.72,3,,6.85,0.25,5.1
2026-09-16,utilities,Utilities,13.9,2,11.33,4,,13.39,0.25,10.0
2026-09-16,oil_gas,Oil & Gas,4.06,2,5.67,3,,4.38,0.25,3.3
2026-09-16,energy,Energy,16.04,2,15.5,2,,15.93,0.25,11.9
2026-09-16,defense,Defense,19.09,4,39.62,2,,23.2,0.25,17.4
2026-09-16,saas,SaaS,18.64,2,44.01,3,,31.33,0.25,23.5
2026-09-16,it_services,IT Services,10.49,5,12.94,2,,10.98,0.25,8.2
2026-09-16,manufacturing,Manufacturing,11.9,4,11.04,1,,11.73,0.25,8.8
2026-09-16,healthcare_services,Healthcare Services,11.98,1,14.5,4,,13.24,0.25,9.9
2026-09-16,logistics,Logistics,11.33,4,11.43,1,,11.35,0.25,8.5
2026-09-16,ecommerce,E-commerce,26.54,3,18.58,1,,24.94,0.25,18.7
2026-09-16,telecom,Telecom,10.37,4,12.44,1,,10.78,0.25,8.1
2026-09-16,b2b_services,B2B Services,13.71,3,8.79,2,,12.73,0.25,9.5
2026-09-16,cosmetics_beauty,Cosmetics / Beauty,11.15,2,23.14,3,,13.55,0.25,10.2
2026-09-16,food,Food,9.43,3,8.0,3,,9.14,0.25,6.9
2026-09-16,fmcg,FMCG,15.63,2,14.6,2,,15.43,0.25,11.6
2026-09-16,travel_services,Travel Services,5.99,1,20.22,3,,8.83,0.25,6.6
2026-09-16,automotive,Automotive,5.38,2,12.72,3,,6.85,0.25,5.1
2026-09-16,utilities,Utilities,13.9,2,11.33,4,,13.39,0.25,10.0
2026-09-16,oil_gas,Oil & Gas,4.06,2,5.67,3,,4.38,0.25,3.3
2026-09-16,energy,Energy,16.04,2,15.5,2,,15.93,0.25,11.9
2026-09-16,defense,Defense,19.09,4,39.62,2,,23.2,0.25,17.4
2026-09-17,saas,SaaS,18.65,2,44.1,3,,31.38,0.25,23.5
2026-09-17,it_services,IT Services,10.34,5,12.7,2,,10.81,0.25,8.1
2026-09-17,manufacturing,Manufacturing,11.98,4,11.04,1,,11.79,0.25,8.8
2026-09-17,healthcare_services,Healthcare Services,12.12,1,14.72,4,,13.42,0.25,10.1
2026-09-17,logistics,Logistics,11.32,4,11.06,1,,11.26,0.25,8.4
2026-09-17,ecommerce,E-commerce,24.85,3,18.47,1,,23.58,0.25,17.7
2026-09-17,telecom,Telecom,10.38,4,12.42,1,,10.79,0.25,8.1
2026-09-17,b2b_services,B2B Services,13.61,3,8.69,2,,12.62,0.25,9.5
2026-09-17,cosmetics_beauty,Cosmetics / Beauty,11.67,2,23.05,3,,13.94,0.25,10.5
2026-09-17,food,Food,9.41,3,8.06,3,,9.14,0.25,6.9
2026-09-17,fmcg,FMCG,15.81,2,14.64,2,,15.58,0.25,11.7
2026-09-17,travel_services,Travel Services,6.02,1,19.48,3,,8.71,0.25,6.5
2026-09-17,automotive,Automotive,5.37,2,12.8,3,,6.86,0.25,5.1
2026-09-17,utilities,Utilities,13.98,2,11.36,4,,13.46,0.25,10.1
2026-09-17,oil_gas,Oil & Gas,3.95,2,5.36,3,,4.24,0.25,3.2
2026-09-17,energy,Energy,16.19,2,15.54,2,,16.06,0.25,12.0
2026-09-17,defense,Defense,19.09,4,39.72,2,,23.22,0.25,17.4
2026-09-23,saas,SaaS,18.83,2,41.11,3,,29.97,0.25,22.5
2026-09-23,it_services,IT Services,10.43,5,11.64,2,,10.67,0.25,8.0
2026-09-23,manufacturing,Manufacturing,12.1,4,10.91,1,,11.86,0.25,8.9
2026-09-23,healthcare_services,Healthcare Services,12.01,1,14.65,4,,13.33,0.25,10.0
2026-09-23,logistics,Logistics,11.18,4,11.19,1,,11.18,0.25,8.4
2026-09-23,ecommerce,E-commerce,26.35,3,18.8,1,,24.84,0.25,18.6
2026-09-23,telecom,Telecom,10.09,4,12.77,1,,10.63,0.25,8.0
2026-09-23,b2b_services,B2B Services,14.22,3,8.57,2,,13.09,0.25,9.8
2026-09-23,cosmetics_beauty,Cosmetics / Beauty,12.35,2,24.08,3,,14.69,0.25,11.0
2026-09-23,food,Food,9.4,3,7.92,3,,9.1,0.25,6.8
2026-09-23,fmcg,FMCG,16.59,2,14.85,2,,16.25,0.25,12.2
2026-09-23,travel_services,Travel Services,6.0,1,21.82,3,,9.17,0.25,6.9
2026-09-23,automotive,Automotive,5.41,2,13.29,3,,6.99,0.25,5.2
2026-09-23,utilities,Utilities,14.18,2,11.27,4,,13.6,0.25,10.2
2026-09-23,oil_gas,Oil & Gas,3.93,2,5.13,3,,4.17,0.25,3.1
2026-09-23,energy,Energy,16.1,2,15.89,2,,16.06,0.25,12.0
2026-09-23,defense,Defense,19.06,4,38.34,2,,22.92,0.25,17.2
